지역명,평균접근성
강원특별자치도 강릉시,0.001653952901334487
강원특별자치도 고성군,0.0008809965422995339
강원특별자치도 동해시,0.002303115481867423
강원특별자치도 삼척시,0.0008807887274043982
강원특별자치도 속초시,0.002199783419590053
강원특별자치도 양구군,0.0022826174687491222
강원특별자치도 양양군,0.0007368609967743929
강원특별자치도 영월군,0.001845539059683017
강원특별자치도 원주시,0.0022485122555554265
강원특별자치도 인제군,0.0012429123645275857
강원특별자치도 정선군,0.0014168678420720775
강원특별자치도 철원군,0.0014908118408609463
강원특별자치도 춘천시,0.0022677787822185176
강원특별자치도 태백시,0.0022292025110199603
강원특별자치도 평창군,0.0012361514867863484
강원특별자치도 홍천군,0.002063912519721176
강원특별자치도 화천군,0.0022003879398963862
강원특별자치도 횡성군,0.0008577109852209658
경기도 가평군,0.0017977378616841548
경기도 고양시,0.0037059193783752164
경기도 과천시,0.005839307993036713
경기도 광명시,0.0038804024204403998
경기도 광주시,0.0017968896289990107
경기도 구리시,0.005039004482990698
경기도 군포시,0.004086107359614716
경기도 김포시,0.002352141843270142
경기도 남양주시,0.002191052540755399
경기도 동두천시,0.0026078559603024045
경기도 부천시,0.004306837241163866
경기도 성남시,0.005333952057321294
경기도 수원시,0.004453984437781798
경기도 시흥시,0.0034816567282929165
경기도 안산시,0.002769355989281842
경기도 안성시,0.00201156127499569
경기도 안양시,0.00345269744760953
경기도 양주시,0.002285738987734283
경기도 양평군,0.0013431629067551924
경기도 여주시,0.0020294713351591527
경기도 연천군,0.0012705966692285145
경기도 오산시,0.0027478698491327424
경기도 용인시,0.0022971122962225404
경기도 의왕시,0.0038784184416874898
경기도 의정부시,0.0034036661848015756
경기도 이천시,0.002365863784796219
경기도 파주시,0.001564767974751293
경기도 평택시,0.0024121197424199995
경기도 포천시,0.0021531423575051976
경기도 하남시,0.0030558135366590355
경기도 화성시,0.002044895046480483
경상남도 거제시,0.002097010468648683
경상남도 거창군,0.0015103524314501859
경상남도 고성군,0.0017074940223891087
경상남도 김해시,0.003108113798906596
경상남도 남해군,0.0021551423648013585
경상남도 밀양시,0.0016376000348301493
경상남도 사천시,0.002103447614686602
경상남도 산청군,0.0016868994063830222
경상남도 양산시,0.002593241359683927
경상남도 의령군,0.0012715880191637374
경상남도 진주시,0.00261813276546414
경상남도 창녕군,0.0022537065165252187
경상남도 창원시,0.0028472218609543777
경상남도 통영시,0.00278811375399152
경상남도 하동군,0.001099795275617703
경상남도 함안군,0.0015537237192943623
경상남도 함양군,0.0016978741911713234
경상남도 합천군,0.0017523680919317806
경상북도 경산시,0.0013994376132769304
경상북도 경주시,0.001575055060216219
경상북도 고령군,0.0020539162388233
경상북도 구미시,0.0015388450330510596
경상북도 김천시,0.0016073574696563858
경상북도 문경시,0.0013055940473728
경상북도 봉화군,0.001224418056612763
경상북도 상주시,0.0015846856342040124
경상북도 성주군,0.0013159656527901333
경상북도 안동시,0.001655889503728364
경상북도 영덕군,0.0019226447201341353
경상북도 영양군,0.0013180115143241206
경상북도 영주시,0.001698282354517228
경상북도 영천시,0.0012799258162828873
경상북도 예천군,0.00150605933122325
경상북도 울릉군,0.005593545567022531
경상북도 울진군,0.0014785594557862442
경상북도 의성군,0.0019047390103451808
경상북도 청도군,0.001596872460630171
경상북도 청송군,0.0013684256248392946
경상북도 칠곡군,0.0018346179144513673
경상북도 포항시,0.0016089001160502169
세종특별자치시,0.002741626702541786
전라남도 강진군,0.00381612256208377
전라남도 고흥군,0.002764543529215452
전라남도 곡성군,0.002643901361240547
전라남도 광양시,0.0024183032161939903
전라남도 구례군,0.0023594603921495076
전라남도 나주시,0.0025545003984344455
전라남도 담양군,0.002224963280451623
전라남도 목포시,0.004874268016273922
전라남도 무안군,0.002743951524836334
전라남도 보성군,0.001973342772436498
전라남도 순천시,0.0023276346273461293
전라남도 신안군,0.003552385195802657
전라남도 여수시,0.003333822473060259
전라남도 영광군,0.0031653719677482246
전라남도 영암군,0.002333175907956929
전라남도 완도군,0.0027485345257029347
전라남도 장성군,0.0022662422659089076
전라남도 장흥군,0.002681606531409413
전라남도 진도군,0.002600645052086804
전라남도 함평군,0.0023266810702507927
전라남도 해남군,0.002313971572183873
전라남도 화순군,0.0029938639674479467
전라북도 고창군,0.0025280420358382307
전라북도 군산시,0.0029099116394264743
전라북도 김제시,0.0025505296309868497
전라북도 남원시,0.0027255815223978775
전라북도 무주군,0.001604524871452315
전라북도 부안군,0.0019467998093199747
전라북도 순창군,0.0017361839388180646
전라북도 완주군,0.0013741766733618255
전라북도 익산시,0.003052799581113246
전라북도 임실군,0.001709064632145597
전라북도 장수군,0.0020361565566845196
전라북도 전주시,0.005402946853233233
전라북도 정읍시,0.002592535335260477
전라북도 진안군,0.002119053037983439
제주특별자치도 서귀포시,0.0016081944071036352
제주특별자치도 제주시,0.002047837553637735
충청남도 계룡시,0.0012601547580176826
충청남도 공주시,0.0017091648526200607
충청남도 금산군,0.0019399767470832914
충청남도 논산시,0.0024493724239360555
충청남도 당진시,0.001805466790720504
충청남도 보령시,0.0018355983513523204
충청남도 부여군,0.0015423120674580733
충청남도 서산시,0.0017970993120461493
충청남도 서천군,0.002117652059688647
충청남도 아산시,0.002018069261200166
충청남도 예산군,0.001995122081466297
충청남도 천안시,0.002209913234695933
충청남도 청양군,0.002051892579686321
충청남도 태안군,0.0010672239468395588
충청남도 홍성군,0.002159753475907986
충청북도 괴산군,0.001765896309978122
충청북도 단양군,0.0013627304938062413
충청북도 보은군,0.001418535631642574
충청북도 영동군,0.001981969142535822
충청북도 옥천군,0.0009988234978033914
충청북도 음성군,0.001814901206691891
충청북도 제천시,0.0017006540207249604
충청북도 증평군,0.0011158595429908006
충청북도 진천군,0.0019829164209513657
충청북도 청주시,0.002194353625195569
충청북도 충주시,0.001959972015448816
