지역명,의료 평균접근성,학생수,교원수,교원 1인당 학생수,보증금(만원),월세금(만원),종합월부담,의료 등급,교육 인프라 등급,종합부담등급,월세등급,summary
강원특별자치도 강릉시,0.001653953,67854.0,6388.0,10.62,1489.430894,54.1097561,60.32,하,상,상,상,"강원특별자치도 강릉시는 의료 접근성이 낮고, 교육 인프라는 뛰어나며 월세 부담이 높은 지역으로, 종합적으로는 부담이 높은 상위 등급의 지역입니다."
강원특별자치도 동해시,0.002303115,116289.0,10062.0,11.56,1291.638225,50.9556314,56.34,중,상,상,상,"강원특별자치도 동해시는 의료 및 교육 분야에서 평균적인 접근성을 보이며, 학생과 교사의 비율이 균형을 유지하고 있습니다. 주거비용은 상대적으로 낮은 편이며, 종합적으로 보면 교육 및 의료 인프라가 잘 구축되어 있는 지역입니다."
강원특별자치도 삼척시,0.000880789,10390.0,812.0,12.8,1157.034384,48.15186246,52.97,하,상,상,상,"강원특별자치도 삼척시는 의료 및 교육 평균접근성이 높고, 학생과 교사 간의 교육환경이 바람직한 편입니다. 주거 부담은 중상급이지만 월세는 높은 편에 속합니다."
강원특별자치도 속초시,0.002199783,32195.0,2785.0,11.56,1113.437535,48.8551686,53.49,중,상,상,상,"강원특별자치도 속초시는 의료 접근성이 낮지만 교육 인프라는 우수한 지역으로, 학생 대비 교원 수가 적절하고 월세 부담이 상대적으로 높은 편입니다."
강원특별자치도 양구군,0.002282617,40231.0,3141.0,12.81,1091.463415,36.58536585,41.13,중,상,중,중,"강원특별자치도 양구군은 의료 및 교육 평균수준이 중상으로 평가되는 지역으로, 월세 및 종합부담 부분에서 중급 정도의 수준을 보여주는 곳입니다."
강원특별자치도 양양군,0.000736861,19269.0,1634.0,11.79,1016.071429,36.85714286,41.09,하,상,중,중,"강원특별자치도 양양군은 학생과 교원의 비율이 11.79로 적절하며, 교육 인프라 등급이 상으로 평가되고 있는 지역으로, 경제적 부담은 중등 수준이지만 의료 접근성이 낮은 편입니다."
강원특별자치도 영월군,0.001845539,26542.0,2316.0,11.46,1007.829099,45.47748268,49.68,중,상,상,상,"강원특별자치도 영월군은 의료와 교육 접근성이 뛰어나고 월세 부담이 비교적 낮은 지역으로, 학생과 교원의 비유가 균형적이며 생활비 부담이 적은 환경을 제공하고 있습니다."
강원특별자치도 원주시,0.002248512,72385.0,5298.0,13.66,1000.0,16.0,20.17,중,상,하,하,"강원특별자치도 원주시는 의료 접근성과 학생-교원 비율이 우수한 지역으로, 교육 인프라 등급은 상이지만 주거 비용은 낮은 편입니다. 의료 및 교육 부문에서는 중등급을 기록하며 종합적으로는 부담이 낮은 지역으로 평가됩니다."
강원특별자치도 인제군,0.001242912,91671.0,7152.0,12.82,998.7671233,46.1,50.26,하,상,상,상,"강원특별자치도 인제군은 의료 및 교육 서비스가 뛰어나며, 월세금과 보증금이 상대적으로 저렴한 지역으로 평가됩니다. 종합적으로 부담이 높은 지역이지만 교육 인프라 등급은 상을 유지하고 있습니다."
강원특별자치도 정선군,0.001416868,8830.0,836.0,10.56,998.3052012,44.45436703,48.61,하,상,상,상,강원특별자치도 정선군은 의료 접근성이 높고 교육 인프라 등급이 우수한 지역으로 교원 1인당 학생수가 적절하며 보증금과 월세가 높은 편입니다. 종합적으로 보면 교육 및 의료 부문에서 뛰어난 서비스를 제공하고 있는 것으로 파악됩니다.
강원특별자치도 철원군,0.001490812,78062.0,6749.0,11.57,974.5389171,48.83460237,52.9,하,상,상,상,"대한민국 강원특별자치도 철원군은 의료 접근성이 낮지만 교육 인프라가 뛰어나며 월세 및 종합부담 등급이 높은 지역입니다. 학생수 대비 교원 수가 적은 것이 특징이며, 보증금 및 월세 금액도 상대적으로 높은 편에 속합니다."
강원특별자치도 춘천시,0.002267779,97447.0,8483.0,11.49,969.1845848,47.32351968,51.36,중,상,상,상,"강원특별자치도 춘천시는 의료 및 교육 접근성이 뛰어나고, 교육 인프라가 우수한 지역입니다. 월세 및 보증금 부담이 높으며, 의료 및 종합부담 등급 또한 높게 평가됩니다."
강원특별자치도 태백시,0.002229203,143710.0,11753.0,12.23,950.3816794,37.80152672,41.76,중,상,중,중,"강원특별자치도 태백시는 의료 서비스 평균접근성이 낮고, 교육 인프라는 좋은 편이며 보증금과 월세금이 상대적으로 낮은 지역입니다."
강원특별자치도 평창군,0.001236151,68676.0,5331.0,12.88,944.7058824,43.0,46.94,하,상,상,상,"강원특별자치도 평창군은 학생과 교사 간의 교육 환경이 양호한 상태이며, 의료 시설에 대한 평균적인 접근성이 극히 낮은 편입니다. 주거 비용이 비교적 저렴한 편이며, 종합적인 부담이나 시설 등급은 상으로 평가됩니다."
강원특별자치도 홍천군,0.002063913,69880.0,5945.0,11.75,902.81507,47.48588575,51.25,중,상,상,상,"강원특별자치도 홍천군은 의료 및 교육 인프라가 양호하고 월세 부담이 높은 지역으로, 교육 환경이 발달되어 있으며 의료 서비스 수준도 중상으로 평가됩니다."
강원특별자치도 화천군,0.002200388,21512.0,1937.0,11.11,896.6666667,38.7,42.44,중,상,중,중,"강원특별자치도 화천군은 의료와 교육 분야에서 중등급의 서비스를 제공하고 있으며, 교육 인프라 등급은 우수한 상위 성적을 보여주고 있습니다. 이 지역은 보증금 및 월세가 상대적으로 낮은 편이며, 학생 수와 교원 수의 비율 역시 균형을 유지하고 있습니다."
강원특별자치도 횡성군,0.000857711,59451.0,4992.0,11.91,893.5930788,51.6127685,55.34,하,상,상,상,"강원도 횡성군은 의료 및 교육 서비스에 상대적으로 뛰어난 접근성과 인프라 등급을 가진 지역으로, 월세 및 보증금 부담이 높은 상태이지만 종합적으로는 상대적으로 높은 수준의 서비스를 제공할 수 있는 곳입니다."
경기도 가평군,0.001797738,33025.0,2613.0,12.64,883.9791486,44.88792354,48.57,중,상,상,상,"경기도 가평군은 의료와 교육 평균접근성이 높고, 보증금과 월세금이 비교적 낮은 수준으로 안정적인 생활 환경을 제공하는 지역입니다."
경기도 고양시,0.003705919,10944.0,1216.0,9.0,882.9268293,35.53658537,39.22,상,중,중,하,"경기도 고양시는 의료 평균접근성이 높고 학생과 교원 수가 적절하며 교육 인프라 등급이 중위 수준인 지역으로, 월세 부담이 낮은 편이며 종합부담 등급은 중하에 속합니다."
경기도 과천시,0.005839308,10864.0,1206.0,9.01,871.8750384,49.12311712,52.76,상,중,상,상,"경기도 과천시의 의료 접근성은 낮지만 교육 인프라가 중상 수준으로 발달해 학생들에게 좋은 교육환경을 제공하고 있습니다. 주택 부담이 높은 편이지만, 종합부담 등급은 좋은 편으로 평가됩니다."
경기도 광명시,0.003880402,3228.0,496.0,6.51,846.9285714,45.82142857,49.35,상,하,상,상,"경기도 광명시는 의료 및 교육 시설에 뛰어난 접근성을 가지고 있으며, 학생 수 대비 교원 수가 균형을 유지하고 있습니다. 또한 월세 및 보증금 부담이 상당히 높은 편이며, 종합적으로는 상 좋은 등급을 보유한 지역입니다."
경기도 광주시,0.00179689,33973.0,2635.0,12.89,840.3773585,35.8490566,39.35,중,상,중,하,"경기도 광주시는 의료 접근성이 높고 교육 인프라가 우수한 지역으로, 월세 부담이 낮은 편이지만 보증금이 상대적으로 높은 특징을 갖고 있습니다."
경기도 구리시,0.005039004,135654.0,10425.0,13.01,831.5982983,49.88042991,53.35,상,상,상,상,"경기도 구리시는 의료 및 교육 인프라가 뛰어나며, 보증금과 월세금이 상대적으로 높은 수준이지만 학생수 대비 교원수가 적절하고 종합적으로 부담이 높지 않은 안정적인 지역으로 평가됩니다."
경기도 군포시,0.004086107,14462.0,1286.0,11.25,812.5,37.875,41.26,상,상,중,중,"경기도 군포시는 의료와 교육 평균접근성이 뛰어나며, 학생 대비 교원 수가 적절하고 보증금 및 월세가 중간 수준인 지역입니다. 종합적으로는 중간 부담 등급을 보이고 있습니다."
경기도 김포시,0.002352142,48360.0,4022.0,12.02,800.0,33.66666667,37.0,중,상,하,하,"경기도 김포시는 의료 및 교육 분야에서 평균 접근성이 낮지만, 교육 인프라는 뛰어나며 월세 부담도 상대적으로 낮은 지역으로 평가됩니다."
경기도 남양주시,0.002191053,25996.0,2339.0,11.11,792.7959184,44.5755102,47.88,중,상,상,상,경기도 남양주시는 의료와 교육 인프라가 뛰어나고 종합적인 월부담 등급이 높은 지역으로 평균적으로 학생당 교원 수가 적고 월세가 비교적 낮은 편입니다.
경기도 동두천시,0.002607856,65442.0,5210.0,12.56,789.8078818,44.20745634,47.5,중,상,상,상,"경기도 동두천시는 의료 및 교육 인프라가 뛰어나며, 학생 수 대비 교원 수가 적절하고 월세 부담도 상대적으로 낮은 곳으로 평가됩니다."
경기도 부천시,0.004306837,75243.0,6008.0,12.52,781.25,33.28125,36.54,상,상,하,하,"경기도 부천시는 의료와 교육 인프라가 뛰어나며 월세 부담이 낮은 편이지만, 종합부담 등급은 낮은 편으로 평가됩니다."
경기도 성남시,0.005333952,11811.0,1351.0,8.74,771.9656463,41.16530612,44.38,상,중,중,중,경기도 성남시는 의료에 대한 접근성이 낮지만 학생 수 대비 교원 수가 적절하며 교육 인프라 등급이 중간 수준입니다. 월세와 보증금 부담도 중간 수준으로 적당한 지역으로 볼 수 있습니다.
경기도 수원시,0.004453984,41001.0,3120.0,13.14,763.9374379,45.25124131,48.43,상,상,상,상,"경기도 수원시는 의료와 교육 평균접근성이 뛰어나며, 부동산 부담도 낮은 편이라는 특징을 가지고 있습니다. 학교 교원 1인당 학생수가 적고 학생수 대비 교원 수도 적당한 수준을 보여 상 클래스에 속합니다."
경기도 시흥시,0.003481657,144027.0,10707.0,13.45,761.9314574,47.48773449,50.66,상,상,상,상,"경기도 시흥시는 의료 및 교육 인프라가 우수한 지역으로, 학생 수 대비 교원 수가 적절하며 월세 및 보증금 부담이 낮은 편입니다. 종합적으로 봤을 때 의료, 교육 및 주거 환경 모두 상급 등급에 해당하는 지역입니다."
경기도 안산시,0.002769356,20275.0,1993.0,10.17,760.2561983,40.93057851,44.1,상,상,중,중,"경기도 안산시는 의료 및 교육 평균접근성이 높고 보증금과 월세금이 상대적으로 낮은 지역으로, 교원 1인당 학생수가 적절하며 종합부담 및 월세 관련 지표는 중간 수준에 해당합니다."
경기도 안성시,0.002011561,1783.0,328.0,5.44,750.0,46.5,49.62,중,하,상,상,"경기도 안성시는 의료 및 교육 서비스가 높은 수준으로 제공되는 지역으로, 보증금 및 월세비용은 상대적으로 높지만 종합적으로 부담률은 높은 편에 속합니다."
경기도 안양시,0.003452697,9960.0,956.0,10.42,745.1243781,36.88723051,39.99,상,상,중,중,"경기도 안양시는 의료 및 교육 인프라가 뛰어나고 보증금 및 월세가 중간 정도 수준인 지역으로, 종합적으로는 중등한 부담 등급을 가지고 있습니다."
경기도 양주시,0.002285739,5303.0,688.0,7.71,736.3636364,38.63636364,41.7,중,중,중,중,"경기도 양주시는 의료와 교육 접근성이 중간 수준으로 높고, 월세 및 종합부담 부담이 중간 수준인 지역입니다. 학생 수와 교원 수의 비율은 7.71로 적절한 교육 환경을 제공하고 있습니다."
경기도 양평군,0.001343163,8160.0,756.0,10.79,736.3448276,42.16551724,45.23,하,상,상,상,경기도 양평군은 의료와 교육 분야에서 높은 접근성과 인프라 등급을 가진 지역으로 분류됩니다. 또한 월세 및 종합부담 등급 역시 높은 수준을 유지하고 있습니다.
경기도 여주시,0.002029471,2187.0,341.0,6.41,734.817574,36.28844317,39.35,중,하,중,하,경기도 여주시는 의료 접근성은 중간 수준이지만 교육 인프라는 낮은 수준입니다. 월세 부담은 낮고 교원 1인당 학생수는 상대적으로 적습니다.
경기도 연천군,0.001270597,1791.0,285.0,6.28,731.0197368,39.60855263,42.65,하,하,중,중,"경기도 연천군은 의료와 교육 평균접근성이 낮고, 보증금과 월세금이 상대적으로 낮으며 종합적으로는 중평균 수준의 부담이 있는 지역으로 평가됩니다."
경기도 오산시,0.00274787,2753.0,498.0,5.53,722.6216404,35.9362836,38.95,상,하,중,하,"경기도 오산시는 의료 접근성이 우수하고 교육 인프라 등급이 낮은 지역으로, 월세가 낮고 보증금 역시 상대적으로 저렴한 편입니다. 종합부담 등급은 중으로 평가됩니다."
경기도 용인시,0.002297112,43011.0,3853.0,11.16,721.3114754,34.27868852,37.28,중,상,하,하,"경기도 용인시는 의료와 교육 접근성이 낮지만, 월세 부담이 적은 지역으로 평가됩니다. 교육 인프라는 우수하지만 종합적인 부담은 낮은 편에 속합니다."
경기도 의왕시,0.003878418,2732.0,402.0,6.8,716.0,45.12,48.1,상,하,상,상,"경기도 의왕시는 의료 및 교육 인프라가 뛰어나고, 학생수 대비 교원 수도 적절한 편이며 월세 및 종합부담 등급이 높은 지역입니다."
경기도 의정부시,0.003403666,2478.0,468.0,5.29,700.0,39.7,42.62,상,하,중,중,"경기도 의정부시는 상위 의료 서비스 접근성과 중간 수준의 교육 인프라를 가지고 있으며, 월세 부담이 중간 수준에 위치하는 지역입니다. 2478명의 학생을 대상으로 468명의 교원이 근무하며, 교원 1인당 학생 수는 5.29명으로 나타납니다."
경기도 이천시,0.002365864,3714.0,526.0,7.06,699.5017585,41.95486518,44.87,중,하,상,중,"경기도 이천시는 의료 및 교육 접근성이 비교적 높고, 월세 및 보증금 부담이 중간 수준인 지역으로, 종합적으로는 상급 부담 등급에 위치하고 있습니다."
경기도 파주시,0.001564768,32444.0,3024.0,10.73,698.6111111,36.76388889,39.67,하,상,중,중,경기도 파주시는 의료 접근성이 낮지만 교육 인프라는 우수한 지역입니다. 월세는 중간 수준이며 종합적으로 보면 중간 수준의 부담을 가지고 있는 지역으로 평가됩니다.
경기도 평택시,0.00241212,3691.0,518.0,7.13,696.969697,35.03030303,37.93,중,하,하,하,"경기도 평택시는 의료와 교육 분야에서 중하급 수준의 서비스를 제공하고 있으며, 월세 및 종합부담이 낮은 지역으로 알려져 있습니다. 학생 수 대비 교원 수 비율이 적절하며, 의료 평균접근성 또한 높은 편이라고 할 수 있습니다."
경기도 포천시,0.002153142,2642.0,468.0,5.65,687.5,43.125,45.99,중,하,상,상,"경기도 포천시는 의료와 교육 분야에서 접근성이 낮고 부담이 크지만, 교육 인프라 등급은 낮고 월세는 상으로 분류됩니다."
경기도 하남시,0.003055814,5392.0,818.0,6.59,686.5934066,35.67032967,38.53,상,하,하,하,"경기도 하남시는 의료 및 교육 평균접근성이 낮고 월세 및 보증금 부담이 상대적으로 낮은 지역으로, 교육 및 의료 인프라 등급이 낮은 것이 특징입니다."
경기도 화성시,0.002044895,2019.0,341.0,5.92,678.680203,41.39593909,44.22,중,하,중,중,"경기도 화성시는 의료 서비스와 교육 인프라가 중간 수준으로 평가되는 지역으로, 보증금과 월세금이 각각 678만원과 41만원으로 평균 이상의 수치를 보이며, 종합부담 등급도 중간 수준이며 월세도 중간 수준으로 평가됩니다."
경상남도 거제시,0.00209701,3724.0,557.0,6.69,676.2711864,34.57627119,37.39,중,하,하,하,"경상남도 거제시는 의료 및 교육 분야에서는 중하 수준의 서비스를 제공하며, 월세 및 종합부담 부담이 상대적으로 낮은 지역입니다. 교원 1인당 학생수는 적당한 수준을 유지하고 있습니다."
경상남도 거창군,0.001510352,1921.0,375.0,5.12,668.3628319,34.96460177,37.75,하,하,하,하,"경상남도 거창군은 의료 및 교육 평균접근성이 낮고, 보증금과 월세금이 상대적으로 낮은 편이며 종합부담이 낮은 지역입니다."
경상남도 고성군,0.001707494,1798.0,308.0,5.84,660.8695652,36.86956522,39.62,하,하,중,중,"경상남도 고성군은 의료 및 교육 접근성이 낮지만 부담이 적은 지역으로, 월세와 종합부담 등급이 중간 수준에 있습니다."
경상남도 김해시,0.003108114,2232.0,398.0,5.61,657.912271,41.59578012,44.34,상,하,중,중,"경상남도 김해시는 의료 접근성이 우수하고 학생과 교원의 비율이 적절한 교육 환경이 갖춰진 지역으로, 월세와 보증금 부담이 중간 수준에 해당하는 지역입니다."
경상남도 남해군,0.002155142,3136.0,471.0,6.66,651.2605941,47.44039604,50.15,중,하,상,상,"경상남도 남해군은 의료 및 교육 평균접근성이 낮으며, 보증금과 월세가 상대적으로 높은 지역입니다. 종합부담 및 월세 등급은 상으로 분류됩니다."
경상남도 밀양시,0.0016376,3815.0,504.0,7.57,650.3504673,30.72663551,33.44,하,중,하,하,"경상남도 밀양시는 의료와 교육 분야에서 접근성이 뛰어나고 보증금과 월세금이 낮은 편이며, 교원 1인당 학생수가 적당한 중간 수준의 교육 인프라 등급을 가진 지역입니다."
경상남도 사천시,0.002103448,8777.0,1062.0,8.26,647.0588235,38.14705882,40.84,중,중,중,중,"경상남도 사천시는 의료와 교육 분야에서 중급 수준의 서비스를 제공하고 있으며, 월세 부담이 중급 수준으로 나타나는 지역입니다."
경상남도 산청군,0.001686899,12679.0,1310.0,9.68,643.9189189,46.81381381,49.5,하,중,상,상,"경상남도 산청군은 의료와 교육 분야에서 접근성이 우수하며, 학생 수 대비 교원 수가 적절한 수준이며 학생들에게 도움이 될 수 있는 교육 인프라 등급을 갖추고 있습니다. 또한 종합적인 월 부담이 상대적으로 높은 편이며 월세 등급도 상위에 속합니다."
경상남도 양산시,0.002593241,4010.0,392.0,10.23,640.4060495,37.49587534,40.16,중,상,중,중,"경상남도 양산시는 의료 및 교육 접근성이 상대적으로 좋은 편이며, 월세 및 종합부담 등급은 중으로 평가됩니다. 지역 내에서는 교원 1인당 학생수가 상대적으로 낮고, 보증금 및 월세금도 비교적 저렴한 편에 속합니다."
경상남도 의령군,0.001271588,11121.0,1116.0,9.97,638.75,37.11363636,39.78,하,상,중,중,"경상남도 의령군은 교육 인프라가 좋고 의료 접근성은 낮은 편이며, 월세 및 보증금 부담이 중간 수준인 지역입니다."
경상남도 진주시,0.002618133,105894.0,9062.0,11.69,636.6666667,35.88333333,38.54,중,상,하,하,"경상남도 진주시는 의료와 교육 접근성이 어느 정도 확보되어 있으며, 월세 부담이 낮은 편이지만 보증금은 상대적으로 높은 편에 속합니다. 종합적으로는 부담이 살짝 높은 편이어서 주거 환경을 고려할 필요가 있습니다."
경상남도 창녕군,0.002253707,22007.0,2237.0,9.84,633.3333333,39.77777778,42.42,중,중,중,중,"경상남도 창녕군은 의료와 교육 평균접근성이 중간 수준이며, 학생수 대비 교원수가 적절하고 교원 1인당 학생수도 적합합니다. 주거 비용이 다소 저렴한 편이며, 종합적인 생활부담 등급은 중간 수준입니다."
경상남도 창원시,0.002847222,6693.0,543.0,12.33,633.3333333,33.33333333,35.97,상,상,하,하,"경상남도 창원시는 의료 및 교육 분야에서 높은 평균접근성을 보유하고 있으며, 학생과 교원 간의 밀도가 높은 상태로 운영되고 있습니다. 월세 및 보증금 부담은 낮은 편이며, 종합부담 등급은 낮지만 교육 인프라 등급은 높은 것으로 나타납니다."
경상남도 통영시,0.002788114,9744.0,1314.0,7.42,630.3030303,37.66666667,40.29,상,중,중,중,"경상남도 통영시는 의료 서비스가 뛰어나고 학생 수와 교원 수가 적절히 균형을 이루고 있는 지역으로, 교육 인프라와 월세 부담이 중간 수준에 해당합니다."
경상남도 하동군,0.001099795,3833.0,575.0,6.67,630.0,38.9,41.52,하,하,중,중,"경상남도 하동군은 의료 및 교육 접근성이 낮지만 생활비 부담은 중간 수준으로, 월세 등급 또한 중간 수준인 지역입니다."
경상남도 함안군,0.001553724,11363.0,1506.0,7.55,622.7923607,36.81792074,39.41,하,중,중,중,"경상남도 함안군은 의료 및 교육 평균접근성이 낮지만, 교원 1인당 학생수가 적절히 유지되고 보증금 및 월세금이 중간 수준으로 형성되어 있는 지역입니다. 종합부담등급은 중으로 평가되었으며, 의료 및 교육 인프라 등급은 중에서 상이며, 월세등급은 중입니다."
경상남도 함양군,0.001697874,20772.0,1887.0,11.01,616.0,37.44,40.01,하,상,중,중,"경상남도 함양군은 의료 서비스에 대한 접근성이 낮지만 교육 인프라는 우수하며, 생활비 부담은 중간 수준인 지역으로 요약할 수 있습니다."
경상남도 합천군,0.001752368,8447.0,1085.0,7.79,614.584919,35.72656801,38.29,하,중,하,하,"경상남도 합천군은 의료 및 교육 접근성이 낮고 월세 부담이 낮은 지역으로, 교육 인프라는 중급 수준에 있습니다."
경상북도 경산시,0.001399438,4302.0,733.0,5.87,614.1891892,37.35135135,39.91,하,하,중,중,"경상북도 경산시는 의료와 교육 평균접근성이 낮지만, 보증금과 월세금이 상대적으로 낮고 종합부담이 중간 수준인 지역입니다."
경상북도 경주시,0.001575055,20853.0,1941.0,10.74,606.9444444,32.30555556,34.83,하,상,하,하,"경상북도 경주시는 의료 및 교육 인프라가 뛰어나며 월세 부담이 낮은 지역으로, 학생 수 대비 교원 수가 적절하게 유지되고 있습니다."
경상북도 고령군,0.002053916,3578.0,640.0,5.59,605.2631579,41.63157895,44.15,중,하,중,중,"경상북도 고령군은 의료와 교육 분야에서 중간 수준의 서비스를 제공하고 있으며, 교원 1인당 학생 수가 낮은 교육 환경을 가지고 있습니다. 주거비용 역시 상대적으로 낮은 편이며, 종합적으로 중간 수준의 생활 부담을 갖는 지역입니다."
경상북도 구미시,0.001538845,52140.0,4286.0,12.17,602.5,30.33333333,32.84,하,상,하,하,"경상북도 구미시는 의료 및 교육 접근성이 상당히 우수한 지역으로, 학생 수 대비 교원 수가 적절하며 월세 및 종합부담이 낮은 편입니다. 의료 및 교육 인프라 등급도 높은 편이며 전반적으로 생활 부담이 낮은 환경입니다."
경상북도 김천시,0.001607357,7442.0,997.0,7.46,598.797619,34.05952381,36.55,하,중,하,하,"경상북도 김천시는 의료 및 교육 분야에서 다소 낮은 등급을 가지고 있지만, 월세 등급이 낮아 부동산 부담이 상대적으로 낮은 편이며, 학생 대비 교원 수가 적절한 수준에 있는 것으로 나타납니다."
경상북도 문경시,0.001305594,87493.0,6967.0,12.56,596.802168,39.69918699,42.19,하,상,중,중,"경상북도 문경시는 교육 인프라 등급이 상이지만 월세 및 종합부담은 중등급에 해당하는 지역으로, 의료 평균접근성은 낮지만 보증금과 월세금은 비교적 낮은 수준에 있습니다."
경상북도 봉화군,0.001224418,1917.0,355.0,5.4,595.5801105,32.54143646,35.02,하,하,하,하,"경상북도 봉화군은 의료와 교육 분야에서 평균적인 접근성과 인프라 등급을 보유하고 있으며, 월세와 보증금 측면에서도 낮은 부담을 갖고 있습니다."
경상북도 상주시,0.001584686,4215.0,612.0,6.89,593.75,48.5,50.97,하,하,상,상,"경상북도 상주시는 의료와 교육의 접근성이 낮지만 보증금과 월세 부담이 비교적 낮은 편이며, 교육 인프라와 종합 부담 등급은 낮지만 월세 부담 등급은 높은 특성을 가지고 있습니다."
경상북도 성주군,0.001315966,11736.0,1193.0,9.84,593.1372549,36.13921569,38.61,하,중,하,하,"경상북도 성주군은 의료 접근성이 낮고 학생 수 대비 교원 수가 적은 지역으로, 교육 인프라는 중급 수준이지만 월세 부담이 낮은 한편 보증금 부담은 상대적으로 높은 특징을 가지고 있습니다."
경상북도 안동시,0.00165589,4650.0,730.0,6.37,584.755199,42.4818776,44.92,하,하,상,상,"경상북도 안동시는 의료 및 교육 접근성이 낮은 편이지만, 보증금 및 월세 금액은 비교적 낮은 편입니다. 종합적으로는 부담이 크지만 교육 및 의료 인프라는 상위 등급을 유지하고 있습니다."
경상북도 영덕군,0.001922645,30916.0,2917.0,10.6,584.6153846,37.69230769,40.13,중,상,중,중,경상북도 영덕군은 의료와 교육 접근성이 상당히 좋고 월세 등급도 중간 수준인 지역입니다. 학생수 대비 교원수가 적절하며 종합부담도 중간 수준으로 유지되고 있습니다.
경상북도 영양군,0.001318012,6761.0,1063.0,6.36,578.9523493,36.43306738,38.85,하,하,중,중,"경상북도 영양군은 의료와 교육 평균접근성이 낮지만, 보증금과 월세는 상대적으로 낮은 수준에 있습니다. 종합부담 등급은 중이며, 월세등급 또한 중으로 평가됩니다."
경상북도 영주시,0.001698282,7134.0,1043.0,6.84,578.3,38.15,40.56,하,하,중,중,"경상북도 영주시는 의료와 교육 평균접근성이 낮지만, 주거비 부담이 상대적으로 낮은 지역으로 분류됩니다. 종합부담 등급은 중이며, 교육 인프라 등급과 월세 등급은 모두 하위 등급에 속합니다."
경상북도 영천시,0.001279926,1866.0,345.0,5.41,578.0,36.62,39.03,하,하,중,중,"경상북도 영천시는 의료 및 교육 접근성이 낮고 보증금 및 월세 부담이 적은 지역으로, 학생 대비 교원 비율이 낮고 종합부담 등급이 중간 수준에 해당합니다."
경상북도 예천군,0.001506059,3786.0,659.0,5.75,575.0,39.35416667,41.75,하,하,중,중,"경상북도 예천군은 의료와 교육 접근성이 낮지만 보증금과 월세는 상대적으로 낮은 편이며, 종합적으로는 중간 정도의 부담을 요구하는 지역입니다."
경상북도 울릉군,0.005593546,2140.0,419.0,5.11,573.7703822,31.3366242,33.73,상,하,하,하,"경상북도 울릉군은 의료 접근성이 낮고 교육 인프라 등급이 낮은 지역으로, 월세 및 보증금 부담도 상대적으로 낮은 편입니다. Overall, it is a region with lower medical accessibility and education infrastructure ratings, along with relatively low rental and deposit burdens."
경상북도 울진군,0.001478559,9977.0,1298.0,7.69,568.8256659,44.53389831,46.9,하,중,상,상,"경상북도 울진군은 의료 서비스에 대한 평균적인 접근성이 높고, 학생 수 대비 교원 수가 적절하며 교원 1인당 학생 수가 적은 지역입니다. 주거 부담이 낮고 교육 인프라 등급이 중상 수준인 반면, 의료와 월세 부담은 높은 편에 속합니다."
경상북도 의성군,0.001904739,29859.0,3188.0,9.37,567.2680412,41.06185567,43.43,중,중,중,중,"경상북도 의성군은 의료와 교육 분야에서 중간 수준의 서비스를 제공하고 있으며, 학생 수와 교원 수의 균형이 잘 맞추어진 지역으로 보증금과 월세 금액도 중간 수준에 속합니다."
경상북도 청도군,0.001596872,1518.0,370.0,4.1,555.5555556,32.22222222,34.54,하,하,하,하,"경상북도 청도군은 의료와 교육 접근성이 낮지만, 월세와 보증금 부담이 비교적 낮은 지역으로 평가됩니다. 종합적으로는 의료, 교육, 월세 등 모든 부담 요소에서 등급이 낮게 평가되는 특징을 가지고 있습니다."
경상북도 청송군,0.001368426,1611.0,334.0,4.82,551.4842298,43.64755922,45.95,하,하,상,상,"경상북도 청송군은 의료 및 교육 평균접근성이 낮은 편이지만 보증금과 월세가 비교적 높고, 교원 1인당 학생수가 적은 지역으로 나타납니다. 종합부담등급과 월세등급은 중상이지만, 의료 및 교육 인프라 등급이 낮은 것으로 나타납니다."
경상북도 칠곡군,0.001834618,84540.0,7330.0,11.53,549.5652174,40.91304348,43.2,중,상,중,중,"경상북도 칠곡군은 의료와 교육 분야에서 중간 수준의 서비스를 제공하고 있으며, 월세 부담이 중간 수준에 해당합니다. 학생과 교사의 비율은 학생 한 명당 교원이 약 11명으로 적당한 교육 환경을 제공하고 있습니다."
경상북도 포항시,0.0016089,10059.0,1390.0,7.24,548.1803279,39.13770492,41.42,하,중,중,중,"경상북도 포항시는 의료 및 교육 접근성이 낮지만, 학생수 대비 교원수가 적절하며 보증금과 월세가 상대적으로 낮은 지역입니다. 종합적으로는 중등급의 부담이 있는 지역으로 설명될 수 있습니다."
세종특별자치시,0.002741627,1660.0,393.0,4.22,,,,상,하,,,세종특별자치시는 의료 접근성이 뛰어나고 학생 대비 교원 비율이 높은 특성을 가지고 있습니다. 하지만 보증금과 월세 금액 등 임대주택 관련 정보는 제공되지 않아 해당 부분에 대한 정보는 알 수 없습니다.
세종특별자치시 ,,,,,546.875,44.75,47.03,,,상,상,"세종특별자치시는 의료 및 교육 데이터가 없는 지역으로, 주택 시장은 상으로 평가되며 월세 부담이 비교적 높은 편입니다."
전라남도 강진군,0.003816123,2668.0,524.0,5.09,542.8571429,39.71428571,41.98,상,하,중,중,"전라남도 강진군은 의료와 교육에 대한 접근성이 낮은 편이지만, 상대적으로 낮은 보증금과 월세로 생활할 수 있는 지역입니다. 종합적으로는 중간 수준의 부담이 필요한 지역으로 평가됩니다."
전라남도 고흥군,0.002764544,3391.0,608.0,5.58,537.5,41.625,43.86,상,하,중,중,"전라남도 고흥군은 의료 접근성이 낮지만 학생 수 대비 교원 수가 적절하며 월세 부담이 낮은 지역으로, 교육 인프라는 부족하지만 종합적으로는 중간 수준의 편의성을 갖춘 지역입니다."
전라남도 곡성군,0.002643901,1922.0,335.0,5.74,533.1232092,37.83094556,40.05,중,하,중,중,"전라남도 곡성군은 의료 및 교육 분야에서 중간 수준의 서비스를 제공하며, 교육 인프라 등급은 낮은 편이지만 월세 금액은 중간 수준에 해당합니다."
전라남도 광양시,0.002418303,18320.0,1867.0,9.81,527.9405286,43.59471366,45.79,중,중,상,상,"전라남도 광양시는 의료와 교육 접근성이 중급 수준이며, 종합적인 생활비 부담이 높은 상위 지역입니다. 월세 부담이 높은 편이지만 교육 인프라 및 교원 1인당 학생수는 적절한 수준을 유지하고 있습니다."
전라남도 구례군,0.00235946,1670.0,311.0,5.37,527.8978723,37.71798839,39.92,중,하,중,중,"전라남도 구례군은 의료 및 교육 평균접근성이 낮지만 보증금과 월세비용은 중하위 수준으로, 교원 1인당 학생수는 낮고 종합부담 등급은 중으로 분류됩니다."
전라남도 나주시,0.0025545,14377.0,1744.0,8.24,526.6666667,39.28888889,41.48,중,중,중,중,"전라남도 나주시는 의료와 교육 분야에서 중간 수준의 접근성과 서비스를 제공하고 있으며, 월세와 보증금 부담도 중간 수준으로 위치하고 있습니다. 학생 수 대비 교원 수가 적당한 수준이며, 종합부담 등급 역시 중간 수준입니다."
전라남도 담양군,0.002224963,3434.0,534.0,6.43,524.4793153,42.7232525,44.91,중,하,상,상,"전라남도 담양군은 의료 평균접근성이 매우 낮고, 학생수 대비 교원수가 적으며 보증금과 월세금이 비교적 낮은 편입니다. 의료 및 교육 인프라 등급은 중하이지만 종합부담 및 월세등급은 높게 평가되는 특성을 가지고 있습니다."
전라남도 목포시,0.004874268,30217.0,2681.0,11.27,519.4262295,38.82786885,40.99,상,상,중,중,"전라남도 목포시는 의료 및 교육 인프라가 뛰어나고 학생수 대비 교원 수가 적합한 지역으로 평균접근성과 월세 부담 등급이 중상으로 평가되는데, 보증금은 상대적으로 낮게 형성되어 있습니다."
전라남도 무안군,0.002743952,11230.0,1136.0,9.89,512.5,34.25,36.39,상,중,하,하,"전라남도 무안군은 상급 의료 접근성과 중급 교육 인프라 등급을 갖추고 있으며, 월세 및 종합부담이 낮은 지역으로 특징 지어집니다."
전라남도 보성군,0.001973343,2673.0,534.0,5.01,509.0909091,36.36363636,38.48,중,하,하,중,"전라남도 보성군은 의료와 교육 분야에서 평균적인 수준을 보이고 있습니다. 월세와 보증금 부담이 낮고, 학생 수 대비 교원 수가 적절한 편이며, 의료 접근성도 양호합니다."
전라남도 순천시,0.002327635,35580.0,3333.0,10.68,500.0,35.4,37.48,중,상,하,하,"전라남도 순천시는 의료 및 교육 평균접근성이 낮고, 보증금과 월세가 상대적으로 낮은 편이며 종합적인 생활비 부담이 낮은 지역으로 평가됩니다."
전라남도 신안군,0.003552385,1690.0,499.0,3.39,499.8695652,39.04347826,41.13,상,하,중,중,"전라남도 신안군은 의료 접근성이 뛰어나고 임대 시 부담이 낮은 지역이며, 학생수에 비해 교원수가 적어 교육 인프라는 낮은 편입니다. ganz if umentilratse kophic än, abru on deekasma kil umeke loor tafnon reson, ramintaär manri lattonessim tem abehiiili in on ekpors, isowiänf naiv jumeg in mearf naqu hali niestidun nuar taserri."
전라남도 여수시,0.003333822,29787.0,3041.0,9.8,497.6393659,40.11889036,42.19,상,중,중,중,"전라남도 여수시는 의료와 교육 분야에서 상대적으로 접근성이 낮고 월세 부담이 중간 수준인 지역으로, 학생수 대비 교원수가 적절하며 교육 인프라 및 종합부담 등급은 중간 수준입니다."
전라남도 영광군,0.003165372,4412.0,622.0,7.09,493.66731,54.35020784,56.41,상,하,상,상,"전라남도 영광군은 의료 및 교육 평균접근성이 상이지만, 교육 인프라 등급은 하고 있습니다. 월세 및 종합부담이 비교적 높은 편에 속하며 학생수 대비 교원수가 적은 편입니다."
전라남도 영암군,0.002333176,4728.0,758.0,6.24,485.7142857,35.42857143,37.45,중,하,하,하,전라남도 영암군은 의료와 교육 평균 접근성이 낮지만 부담금이 매우 낮아 경제적으로 부담이 적은 지역으로 평가됩니다.
전라남도 완도군,0.002748535,3999.0,683.0,5.86,485.6589404,31.73509934,33.76,상,하,하,하,"전라남도 완도군은 의료 및 교육 접근성이 상대적으로 낮지만, 월세 등급이 낮아 생활비 부담이 적은 지역으로 평가됩니다."
전라남도 장성군,0.002266242,3620.0,552.0,6.56,483.8709677,36.12903226,38.15,중,하,하,하,"전라남도 장성군은 의료 및 교육 접근성이 낮고, 월세 및 보증금 부담이 낮은 편이며, 학생 대비 교원 수는 적지만 그에 비해 효율적으로 운영되고 있는 지역입니다."
전라남도 장흥군,0.002681607,2544.0,449.0,5.67,480.0,33.8,35.8,중,하,하,하,"전라남도 장흥군은 의료 접근성이 낮고 교육 인프라 등급이 하지만 보증금과 월세가 비교적 낮아 생활비 부담이 적은 지역으로 평가됩니다.학생 수 대비 교원 수가 적고 종합부담 및 월세 등급이 낮으며, 의료 및 교육 부분에서 인프라가 개선이 필요한 것으로 나타납니다."
전라남도 진도군,0.002600645,2169.0,379.0,5.72,478.7519237,43.21237304,45.21,중,하,상,상,"전라남도 진도군은 의료 평균접근성이 낮고 보증금과 월세금이 비교적 높은 편이지만, 교육 인프라 등급이 낮고 교원 1인당 학생수가 적은 지역입니다. 종합부담등급과 월세등급은 상이며, 의료 및 교육 서비스는 중하 수준으로 평가됩니다."
전라남도 함평군,0.002326681,2333.0,452.0,5.16,466.6666667,41.66666667,43.61,중,하,중,중,"전라남도 함평군은 교육 및 의료 접근성이 중하 수준이며, 학생 수에 비해 교원 수가 적고 교원 1인당 학생 수가 상대적으로 높은 지역입니다. 또한 월세 및 보증금 부담이 중간 수준인 것으로 보입니다."
전라남도 해남군,0.002313972,4947.0,711.0,6.96,462.9051383,36.03952569,37.97,중,하,하,하,"전라남도 해남군은 의료 및 교육 평균접근성이 낮고, 보증금 및 월세금이 상대적으로 낮은 편이며 종합적인 월부담도 낮은 수준에 속합니다. 또한 의료 및 교육 인프라 등급은 중간 정도이나 월세 등급은 낮은 편에 속하는 특징을 가지고 있습니다."
전라남도 화순군,0.002993864,5360.0,711.0,7.54,462.4375,34.3125,36.24,상,중,하,하,"전라남도 화순군은 의료와 교육 접근성이 뛰어나며, 월세 부담이 낮은 지역으로 알려져 있습니다."
전라북도 고창군,0.002528042,28801.0,2606.0,11.05,,,,중,상,,,"전라북도 고창군은 의료와 교육 인프라가 발달한 지역으로, 학생수 대비 교원수가 적정 수준을 유지하고 있습니다. 의료 접근성은 매우 좋은 수준이며, 교육 인프라 등급도 높게 평가됩니다. Rent and burden information is unavailable for this region."
전라북도 군산시,0.002909912,25087.0,2551.0,9.83,,,,상,중,,,"전라북도 군산시는 의료 서비스가 상 수준이며, 교육 인프라는 중 수준인 지역으로, 학생 수에 비해 교원 수가 적습니다. 부동산 관련 정보는 결측값으로 나타나며, 종합적인 부담 등급은 알 수 없는 상태입니다."
전라북도 김제시,0.00255053,1798.0,289.0,6.22,,,,중,하,,,"전라북도 김제시는 의료 평균접근성이 낮고 의료 등급이 중간 수준인 지역으로, 학생수와 교원수가 비슷하며 교원 1인당 학생수는 낮은 편입니다. 교육 인프라 등급은 낮은 편에 속하며 보증금, 월세금, 종합월부담 등에 대한 데이터가 제공되지 않았습니다."
전라북도 남원시,0.002725582,59260.0,5129.0,11.55,,,,상,상,,,"전라북도 남원시는 의료 및 교육 평균접근성이 상당히 우수하며, 학생 수와 교원 수의 비율도 적절한 수준에 있습니다. 부동산 관련 정보는 제공되지 않았으나, 종합적으로 볼 때 이 지역은 생활 환경이 우수한 것으로 평가될 수 있습니다."
전라북도 무주군,0.001604525,15433.0,1571.0,9.82,,,,하,중,,,"전라북도 무주군은 의료 접근성이 낮고 학생 대비 교원 비율이 적당한 지역으로, 교육 인프라 등급은 중이지만 종합부담 등급과 월세 등급은 파악되지 않는 점이 있습니다."
전라북도 부안군,0.0019468,5890.0,772.0,7.63,,,,중,중,,,"전라북도 부안군은 의료와 교육의 평균적인 접근성이 중간 수준이며, 교원 1인당 학생수가 7.63로 비교적 안정적인 교육 환경을 제공하고 있으나 보증금, 월세금 및 종합부담 등급은 알 수 없는 상태입니다."
전라북도 순창군,0.001736184,1850.0,350.0,5.29,,,,하,하,,,"전라북도 순창군은 의료와 교육 평균접근성이 낮은 지역으로, 학생수 대비 교원수가 적고 교원 1인당 학생수가 높은 특징을 갖추고 있습니다. 부동산 보증금과 월세 정보는 결측치이며, 의료 및 교육 인프라 등급이 낮은 것으로 나타나고 있습니다. 종합월부담 및 부담등급 정보가 누락되어 있습니다."
전라북도 완주군,0.001374177,8772.0,1190.0,7.37,,,,하,중,,,"전라북도 완주군은 의료 접근성이 매우 뛰어나고, 중등교육 인프라 등급이 중간 수준인 지역입니다. 하지만 보증금과 월세금, 종합부담 등에 대한 정보는 알 수 없습니다."
전라북도 익산시,0.0030528,2347.0,398.0,5.9,,,,상,하,,,"전라북도 익산시는 의료 접근성이 높고, 학생 수에 비해 교원 수가 적어서 교원 1인당 학생 수가 낮은 특징을 가지고 있습니다. 그러나 보증금, 월세금, 종합월부담 등 부동산 관련 정보는 제공되지 않아서 부동산 관련 현황은 알 수 없습니다. 또한, 의료 및 교육 인프라 등급은 상 및 하로 평가되었습니다."
전라북도 임실군,0.001709065,18104.0,1871.0,9.68,,,,하,중,,,"전라북도 임실군은 의료 접근성이 낮고 교육 인프라는 중등한 수준이며, 학생 수 대비 교원 수가 적은 특징을 가지고 있습니다. 부동산 부담 관련 정보가 없는 점이 눈에 띕니다."
전라북도 장수군,0.002036157,2030.0,334.0,6.08,,,,중,하,,,전라북도 장수군은 의료 접근성이 높고 학생 수 대비 교원 수가 적절하며 교육 인프라 등급이 낮은 지역으로 나타났습니다. 부동산 관련 정보는 제공되지 않았습니다.
전라북도 전주시,0.005402947,934.0,201.0,4.65,,,,상,하,,,"전라북도 전주시는 의료 접근성이 상이지만 교육 인프라는 하게 평가되는 지역으로, 학생 수는 934명이며 교원 1인당 학생 수는 4.65명입니다. 부동산 관련 정보는 결측값이며 종합 부담 등급과 월세 등급에 대한 정보도 결측 상태입니다."
전라북도 정읍시,0.002592535,9834.0,1006.0,9.78,,,,중,중,,,"전라북도 정읍시는 의료와 교육 평균접근성이 중등 수준이며 학생수 대비 교원수가 적절한 수준을 유지하고 있습니다. 하지만 보증금과 월세금, 종합부담 등급 등의 정보는 제공되지 않았습니다."
전라북도 진안군,0.002119053,7693.0,954.0,8.06,,,,중,중,,,"전라북도 진안군은 의료 및 교육 평균접근성이 중간 수준으로 평가되는 곳으로, 교원 1인당 학생수가 비교적 낮고 학생수가 많은 편입니다. 부동산 관련 지표에 대한 데이터가 부족하여 제대로 평가하기 어렵습니다."
전북특별자치도 고창군,,,,,458.9583333,31.85416667,33.77,,,하,하,"전북특별자치도 고창군은 의료 및 교육 데이터가 제공되지 않는데, 보증금과 월세금이 낮고 종합부담이 낮은 경제적으로 부담이 적은 지역이며 월세와 종합부담이 낮은 수준이다."
전북특별자치도 군산시,,,,,457.1811594,40.69202899,42.6,,,중,중,"전북특별자치도 군산시는 의료 및 교육 데이터가 제공되지 않는 지역으로, 보증금과 월세금이 상대적으로 낮은 편이며 종합부담이 중간 수준에 위치하는 것으로 나타났습니다."
전북특별자치도 김제시,,,,,449.25,37.85,39.72,,,중,중,"전북특별자치도 김제시는 의료 및 교육 데이터가 수집되지 않은 지역으로, 보증금과 월세금이 비교적 낮고 중간 수준의 종합부담등급과 월세등급을 가지고 있습니다."
전북특별자치도 남원시,,,,,442.3076923,37.0,38.84,,,중,중,"전북특별자치도 남원시는 학생 및 교원 수, 의료 접근성 등의 데이터가 제공되지 않는 지역이며, 월세가 비교적 낮고 보증금이 높은 중간 수준의 부담 등급을 가지고 있습니다."
전북특별자치도 무주군,,,,,440.0,34.2,36.03,,,하,하,"전북특별자치도 무주군은 의료 및 교육 데이터가 제공되지 않으나, 주거 부담이 낮고 월세 등급이 하위에 속하는 지역입니다."
전북특별자치도 부안군,,,,,438.6291763,41.90175323,43.73,,,중,중,"전북특별자치도 부안군은 의료 및 교육 데이터가 누락된 지역으로 보증금과 월세가 상대적으로 낮고, 종합부담 및 월세 부담이 중간 수준에 해당하는 지역입니다."
전북특별자치도 순창군,,,,,436.0,37.2,39.02,,,중,중,"전북특별자치도 순창군은 의료 및 교육 평균접근성이 알 수 없는 상태이지만, 월세 및 보증금이 상대적으로 낮고 종합부담등급이 중급 수준인 지역입니다."
전북특별자치도 완주군,,,,,431.8181818,36.36363636,38.16,,,하,중,"전북특별자치도 완주군은 의료 및 교육 평균접근성 데이터가 없으며, 보증금이 비교적 높고 월세는 중간 수준인 지역으로 종합부담 등급은 하이며, 월세등급은 중에 속합니다."
전북특별자치도 익산시,,,,,430.0,33.0,34.79,,,하,하,"전북특별자치도 익산시는 의료 및 교육 데이터가 결측치로 나타나며, 주택 가격은 상대적으로 낮은 편이며 월세 부담이 낮게 평가되는 지역으로 나타났습니다."
전북특별자치도 임실군,,,,,428.125,37.78125,39.57,,,중,중,"전북특별자치도 임실군은 의료 및 교육 데이터가 결측치로 나타나지만 보증금과 월세금이 낮으며 종합부담 등급이 중이고, 월세등급도 중인 지역으로 파악됩니다."
전북특별자치도 장수군,,,,,422.4796748,34.68699187,36.45,,,하,하,전북특별자치도 장수군은 의료와 교육 평균접근성 정보가 없으며 보증금과 월세금이 상대적으로 낮은 편이며 종합부담 및 월세등급은 낮은 수준에 해당됩니다.
전북특별자치도 전주시,,,,,422.0962343,38.94142259,40.7,,,중,중,전북특별자치도 전주시는 의료 및 교육 데이터가 결측치인 것으로 보이며 보증금은 높지만 월세는 비교적 낮은 수준입니다. 종합부담 및 월세 등급은 중으로 분류됩니다.
전북특별자치도 정읍시,,,,,418.1818182,35.86363636,37.61,,,하,하,"전북특별자치도 정읍시는 의료 및 교육 데이터가 제공되지 않아 이에 관한 정보는 없지만, 주거비 부담이 낮고 교육 및 주거 등급이 하위에 속하는 지역으로 파악됩니다."
전북특별자치도 진안군,,,,,406.0457516,41.39379085,43.09,,,중,중,"전북특별자치도 진안군은 의료 및 교육 평균접근성이 알려지지 않았지만, 보증금과 월세금이 상대적으로 낮은 수준에 위치하고 있습니다. 종합부담 및 월세등급은 중으로 평가되어, 생활비 부담이 중간 수준에 해당합니다."
제주특별자치도 서귀포시,0.001608194,4438.0,584.0,7.6,405.2059146,41.8543264,43.54,하,중,중,중,"제주특별자치도 서귀포시는 의료 및 교육 접근성이 높고 부동산 부담이 낮은 지역으로, 교육 인프라는 중등급에 속하며 종합적으로 중등급으로 평가됩니다."
제주특별자치도 제주시,0.002047838,472.0,94.0,5.02,402.9923664,43.4519084,45.13,중,하,상,상,"제주특별자치도 제주시는 의료 및 교육 평균접근성이 낮지만 보증금과 월세가 높은 지역으로, 월세 및 종합부담 부분에서 상당히 높은 부담이 요구되는 곳입니다."
충청남도 계룡시,0.001260155,3816.0,537.0,7.11,401.75625,39.5525,41.23,하,하,중,중,"충청남도 계룡시는 의료와 교육 평균접근성이 낮지만 보증금과 월세는 중간 수준으로, 종합부담 및 월세도 중간 수준에 해당합니다. 위 지표에 따르면 의료와 교육은 개선이 필요한 상태이며, 주거비용은 보통 수준입니다."
충청남도 공주시,0.001709165,2314.0,461.0,5.02,397.3289347,40.84293531,42.5,하,하,중,중,"충청남도 공주시는 의료 및 교육 접근성이 낮으며, 월세 부담이 중간 수준인 지역으로, 교육 인프라 등급이 낮지만 종합적으로는 중간 수준의 지역으로 평가됩니다."
충청남도 금산군,0.001939977,2849.0,387.0,7.36,395.0220994,34.96685083,36.61,중,중,하,하,"충청남도 금산군은 의료 및 교육 접근성이 높고, 월세 및 종합부담이 낮은 지역으로 평가됩니다. 교원 1인당 학생수는 적절하게 조절되어 가르치기에 적합한 환경을 제공하고 있습니다."
충청남도 논산시,0.002449372,1204.0,282.0,4.27,391.9047619,39.19047619,40.82,중,하,중,중,"충청남도 논산시는 의료 및 교육 인프라가 중하급으로 평가되며, 월세 및 종합부담이 중간 수준에 위치한 지역입니다. 학생 대비 교원 수가 적당하며, 교원 1인당 학생 수는 4.27로 나타났습니다."
충청남도 당진시,0.001805467,13062.0,1353.0,9.65,386.9565217,37.56521739,39.18,중,중,중,중,"충청남도 당진시는 의료와 교육 평균적으로 매우 접근성이 높은 지역으로, 학생수 대비 교원 수도 적절한 수준을 유지하고 있습니다. 또한 월세 및 보증금 부담도 중등급으로 비교적 안정적인 수준에 있습니다."
충청남도 보령시,0.001835598,58883.0,5218.0,11.28,377.1416667,35.83333333,37.4,중,상,하,하,충청남도 보령시는 의료 평균접근성이 낮고 학생과 교원 수가 적당한 수준에 있으며 교육 인프라 등급이 상이고 보증금과 월세가 낮은 편입니다. 종합적으로는 의료 및 교육 부담 등급이 낮은 지역으로 추정됩니다.
충청남도 부여군,0.001542312,36763.0,2964.0,12.4,359.3825605,32.64163306,34.14,하,상,하,하,"충청남도 부여군은 의료 및 교육 시설에 대한 평균적인 접근성이 뛰어나며, 월세 및 보증금 부담이 상대적으로 낮은 지역으로 평가됩니다. 학생 대비 교원 비율은 12.4로 상당히 낮은 편에 속합니다."
충청남도 서산시,0.001797099,6657.0,788.0,8.45,357.0119658,39.00683761,40.49,중,중,중,중,"충청남도 서산시는 의료 및 교육 평균접근성이 중간 수준으로, 교원 1인당 학생수는 8.45로 낮은 편이며, 월세금과 보증금이 비교적 저렴한 지역입니다."
충청남도 서천군,0.002117652,4326.0,640.0,6.76,352.6666667,35.60714286,37.08,중,하,하,하,"충청남도 서천군은 의료 및 교육 접근성이 낮고 부담금 수준이 비교적 낮은 지역으로, 아파트 보증금과 월세가 각각 약 353만원과 36만원 수준이며, 교원 1인당 학생수는 6.76으로 중하급 인프라 등급을 가지고 있습니다."
충청남도 아산시,0.002018069,73330.0,5916.0,12.4,351.5,37.18709677,38.65,중,상,중,중,"충청남도 아산시는 의료와 교육 접근성이 높은 지역으로, 학생과 교원의 비율이 적절하며 월세 부담도 상대적으로 낮은 편입니다. 의료 및 교육 인프라 등급은 높지만 종합부담 및 월세 등급은 중간 수준에 해당됩니다."
충청남도 예산군,0.001995122,3320.0,528.0,6.29,342.1052632,35.36842105,36.79,중,하,하,하,"충청남도 예산군은 의료와 교육 접근성이 낮지만 월세 부담이 상대적으로 낮은 지역으로, 교원과 학생 간의 비율이 적절하며 교육 인프라 등급이 낮은 편입니다."
충청남도 천안시,0.002209913,9006.0,1046.0,8.61,341.3756345,35.01861252,36.44,중,중,하,하,"충청남도 천안시는 의료와 교육 평균적으로 중급 수준에 속하고, 월세 부담도 낮은 수준에 있다.학생수 대비 교원수가 적당한 수준이며, 의료 평균접근성은 상대적으로 높은 편이다."
충청남도 청양군,0.002051893,11934.0,1137.0,10.5,337.5273973,36.92465753,38.33,중,상,하,중,"충청남도 청양군은 의료와 교육 인프라가 잘 발달된 지역으로, 학생 수 대비 교원 수가 적절하고 학생당 교원 수도 적합한 수준입니다. 주거 부담은 낮은 편이며 의료 및 교육 등급도 중상의 수준을 보이고 있습니다."
충청남도 태안군,0.001067224,2096.0,407.0,5.15,326.6527153,55.00276721,56.36,하,하,상,상,"충청남도 태안군은 의료 및 교육 접근성이 낮지만 보증금 및 월세 부담이 비교적 낮은 편이며, 월세 및 종합부담등급은 상으로 평가됩니다."
충청남도 홍성군,0.002159753,49343.0,3872.0,12.74,321.4736842,38.66315789,40.0,중,상,중,중,"충청남도 홍성군은 의료 접근성이 높고 교육 인프라가 우수한 지역으로, 교원 1인당 학생 수가 낮고 종합부담이 중간 정도인 지역입니다.월세금과 보증금이 중간 수준이며, 의료 및 교육 등급도 중간 수준입니다."
충청북도 괴산군,0.001765896,1552.0,345.0,4.5,312.0953039,37.58977901,38.89,중,하,중,중,"충청북도 괴산군은 의료 접근성이 낮고 교육 인프라 등급이 낮은 지역으로, 월세와 보증금 부담이 중등 수준이며 학생 대비 교원 수도 적은 편입니다."
충청북도 단양군,0.00136273,42468.0,3820.0,11.12,309.1661721,39.94807122,41.24,하,상,중,중,"충청북도 단양군은 의료 및 교육 분야에서 접근성이 낮지만, 학생 대비 교원 수가 상대적으로 높아 교육 인프라는 우수한 편입니다. 주거 부담은 중등 수준으로 낮은 보증금과 월세를 가지고 있으며, 종합적으로는 중간 수준의 부담을 갖는 지역으로 요약할 수 있습니다."
충청북도 보은군,0.001418536,5010.0,679.0,7.38,295.571003,49.56504469,50.8,하,중,상,상,충청북도 보은군은 의료 및 교육 평균접근성이 낮지만 월세 및 종합부담이 상대적으로 높은 지역으로 나타났습니다.
충청북도 영동군,0.001981969,121730.0,10408.0,11.7,277.3076923,38.38461538,39.54,중,상,중,중,충청북도 영동군은 의료와 교육 분야에서 중간 수준의 서비스를 제공하며 학생 대비 교원 수가 비교적 적은 편입니다. 주거 부담은 중간 수준으로 안정적인 생활 환경을 제공하고 있습니다.
충청북도 옥천군,0.000998823,14376.0,1303.0,11.03,267.1279264,36.14966555,37.26,하,상,하,하,"충청북도 옥천군은 의료와 교육 인프라가 뛰어나면서도 월세 부담이 낮은 지역으로, 학생과 교원 간의 비율이 적절하고 보증금도 상대적으로 낮은 편에 속합니다."
충청북도 음성군,0.001814901,2386.0,486.0,4.91,261.4150943,41.21698113,42.31,중,하,중,중,"충청북도 음성군은 의료와 교육 분야에서 중간 수준의 서비스를 제공하고 있으며, 교원 1인당 학생 수가 낮아 학생들에게 개별적인 관심을 더 많이 제공할 수 있는 환경을 갖추고 있습니다. 부동산 부담금은 상대적으로 낮은 편이며, 월세는 중간 수준입니다."
충청북도 제천시,0.001700654,6151.0,703.0,8.75,250.8379888,37.24022346,38.29,하,중,하,중,"충청북도 제천시는 의료 및 교육 접근성이 낮은 편이며, 월세 부담도 중간 수준입니다. 지역의 의료 및 교육 인프라는 중급 수준으로 평가됩니다."
충청북도 증평군,0.00111586,2772.0,439.0,6.31,250.0,30.8,31.84,하,하,하,하,"충청북도 증평군은 의료 및 교육 평균접근성이 낮지만 부담금이 높은 지역으로 파악됩니다. 학생 대비 교원 수 및 교원 1인당 학생 수가 적절하며, 월세 및 보증금 부담도 낮은 편입니다."
충청북도 진천군,0.001982916,2320.0,488.0,4.75,244.0319149,42.35106383,43.37,중,하,중,상,"충청북도 진천군은 의료와 교육 접근성이 낮지만, 보증금과 월세가 비교적 높은 지역으로 평균적으로 중등급의 서비스 수준을 보여주고 있습니다."
충청북도 청주시,0.002194354,19312.0,2013.0,9.59,144.4444444,28.0,28.6,중,중,하,하,"충청북도 청주시는 의료와 교육 접근성이 보편적으로 높은 편이며, 학생들에 대한 교육 환경도 비교적 적절하다. 월세 및 종합부담 등급은 낮은 편으로 저렴한 주거 환경을 제공한다."
충청북도 충주시,0.001959972,64772.0,5244.0,12.35,125.0,20.0,20.52,중,상,하,하,"충주시는 의료와 교육 분야에서 접근성이 뛰어나며, 월세 부담이 낮은 지역으로 평가되고 있습니다. 의료는 중급, 교육은 상급으로 평가되어 종합적으로는 부담이 낮은 하급 지역입니다."
